,Accuracy,Runtime,Size,time_saved,acc_lost
0,0.6926,2932.078929901123,2048,0.04289572890535563,0.0
1,0.2934,3063.4895470142365,1024,0.0,0.3992
2,0.29,2910.4705369472504,512,0.04994925157036124,0.4026
3,0.3185,2849.717690706253,256,0.06978050782524507,0.3741
4,0.2377,2832.547213077545,128,0.07538538336511519,0.45489999999999997
5,0.2464,2826.2762730121613,64,0.07743237584514365,0.4462
