,Accuracy,Runtime,Size,time_saved,acc_lost
0,0.7107,4258.122125864029,2048,0.0,0.0
1,0.699,3376.1663222312927,1024,0.207123181901171,0.011700000000000044
2,0.682,2963.5899980068207,512,0.30401479562884326,0.028699999999999948
3,0.6705,2861.3660390377045,256,0.32802161270630636,0.040200000000000014
4,0.6462,2840.6492879390717,128,0.33288684448836314,0.0645
5,0.6103,2821.885365962982,64,0.33729346351465095,0.10040000000000004
