,Accuracy,Runtime,Size,time_saved,acc_lost
0,0.9891,5043.912916898727,4608,0.2609226417593957,0.0019000000000000128
1,0.991,6824.607547044754,3456,0.0,0.0
2,0.9867,4590.43988609314,2304,0.3273693975148903,0.0042999999999999705
3,0.9884,3224.5167717933655,1152,0.5275161612494961,0.0026000000000000467
4,0.9893,2847.549422264099,576,0.5827526487589506,0.0017000000000000348
5,0.9881,2753.786589860916,288,0.5964915827206236,0.0029000000000000137
6,0.9874,2706.5821130275726,144,0.6034083873145792,0.0035999999999999366
